Category,Keyword
Urgency and Fear Keywords,urgent
Urgency and Fear Keywords,act now
Urgency and Fear Keywords,immediately
Urgency and Fear Keywords,asap
Urgency and Fear Keywords,limited time
Urgency and Fear Keywords,final notice
Urgency and Fear Keywords,last chance
Urgency and Fear Keywords,emergency
Urgency and Fear Keywords,important
Urgency and Fear Keywords,deadline
Urgency and Fear Keywords,hurry
Urgency and Fear Keywords,quickly
Urgency and Fear Keywords,do not delay
Urgency and Fear Keywords,now
Urgency and Fear Keywords,immediate action
Urgency and Fear Keywords,warning
Urgency and Fear Keywords,critical
Urgency and Fear Keywords,crucial
Urgency and Fear Keywords,time-sensitive
Urgency and Fear Keywords,failure to respond
Trust and Authority Keywords,official
Trust and Authority Keywords,authorized
Trust and Authority Keywords,verified
Trust and Authority Keywords,trusted
Trust and Authority Keywords,secure
Trust and Authority Keywords,government
Trust and Authority Keywords,CEO
Trust and Authority Keywords,manager
Trust and Authority Keywords,administrator
Trust and Authority Keywords,supervisor
Trust and Authority Keywords,police
Trust and Authority Keywords,compliance
Trust and Authority Keywords,account executive
Trust and Authority Keywords,customer service
Trust and Authority Keywords,tech support
Trust and Authority Keywords,representative
Trust and Authority Keywords,bank
Trust and Authority Keywords,institution
Trust and Authority Keywords,security team
Trust and Authority Keywords,head office
Financial Terms,payment
Financial Terms,invoice
Financial Terms,bill
Financial Terms,transaction
Financial Terms,account
Financial Terms,credit card
Financial Terms,bank account
Financial Terms,debit
Financial Terms,loan
Financial Terms,investment
Financial Terms,deposit
Financial Terms,withdrawal
Financial Terms,refund
Financial Terms,cash
Financial Terms,transfer
Financial Terms,funds
Financial Terms,balance
Financial Terms,overdue
Financial Terms,fee
Financial Terms,penalty
Social Engineering Keywords,password
Social Engineering Keywords,login
Social Engineering Keywords,credentials
Social Engineering Keywords,username
Social Engineering Keywords,reset
Social Engineering Keywords,update account
Social Engineering Keywords,verify identity
Social Engineering Keywords,click link
Social Engineering Keywords,open attachment
Social Engineering Keywords,confirm details
Social Engineering Keywords,access
Social Engineering Keywords,register
Social Engineering Keywords,email verification
Social Engineering Keywords,profile update
Social Engineering Keywords,account recovery
Social Engineering Keywords,unlock
Social Engineering Keywords,details required
Social Engineering Keywords,personal information
Social Engineering Keywords,security check
Social Engineering Keywords,information request
Tech Support and Remote Access Phrases,support
Tech Support and Remote Access Phrases,remote access
Tech Support and Remote Access Phrases,technical assistance
Tech Support and Remote Access Phrases,fix issue
Tech Support and Remote Access Phrases,malware
Tech Support and Remote Access Phrases,virus detected
Tech Support and Remote Access Phrases,system error
Tech Support and Remote Access Phrases,connect to server
Tech Support and Remote Access Phrases,update software
Tech Support and Remote Access Phrases,remote login
Tech Support and Remote Access Phrases,technical problem
Tech Support and Remote Access Phrases,IT department
Tech Support and Remote Access Phrases,network issue
Tech Support and Remote Access Phrases,help desk
Tech Support and Remote Access Phrases,security alert
Tech Support and Remote Access Phrases,firewall breach
Tech Support and Remote Access Phrases,reinstall
Tech Support and Remote Access Phrases,system update
Tech Support and Remote Access Phrases,diagnostic
Tech Support and Remote Access Phrases,scan
Rewards or Offers,congratulations
Rewards or Offers,winner
Rewards or Offers,you won
Rewards or Offers,prize
Rewards or Offers,offer
Rewards or Offers,promotion
Rewards or Offers,discount
Rewards or Offers,free gift
Rewards or Offers,special offer
Rewards or Offers,bonus
Rewards or Offers,cashback
Rewards or Offers,reward
Rewards or Offers,exclusive
Rewards or Offers,free trial
Rewards or Offers,no cost
Rewards or Offers,limited deal
Rewards or Offers,coupon
Rewards or Offers,redeem
Rewards or Offers,claim your prize
Rewards or Offers,gift card
Threats and Consequences,legal action
Threats and Consequences,lawsuit
Threats and Consequences,arrest
Threats and Consequences,jail
Threats and Consequences,suspension
Threats and Consequences,account locked
Threats and Consequences,penalty
Threats and Consequences,termination
Threats and Consequences,disconnection
Threats and Consequences,deactivation
Threats and Consequences,blacklist
Threats and Consequences,fraud detection
Threats and Consequences,report to authorities
Threats and Consequences,fines
Threats and Consequences,prosecution
Threats and Consequences,warning
Threats and Consequences,compliance issue
Threats and Consequences,immediate action
Threats and Consequences,final notice
Threats and Consequences,failure to act
